Price,Age,Mileage,Fuel Type,Horse Power,Metalic,Automatic,CC,Doors,Weight,derived_col
13500,23,46986,Diesel,90,1,0,2000,3,1165,0.2873196271229728
13750,23,72937,Diesel,90,1,0,2000,3,1165,0.18851885874110533
13950,24,41711,Diesel,90,1,0,2000,3,1165,0.334444151422886
14950,26,48000,Diesel,90,0,0,2000,3,1165,0.31145833333333334
13750,30,38500,Diesel,90,0,0,2000,3,1170,0.35714285714285715
12950,32,61000,Diesel,90,0,0,2000,3,1170,0.2122950819672131
16900,27,94612,Diesel,90,1,0,2000,3,1245,0.17862427599036063
18600,30,75889,Diesel,90,1,0,2000,3,1245,0.24509480952443702
21500,27,19700,Petrol,192,0,0,1800,3,1185,1.0913705583756346
12950,23,71138,Diesel,69,0,0,1900,3,1105,0.18204054092046446
20950,25,31461,Petrol,192,0,0,1800,3,1185,0.6659038174247481
19950,22,43610,Petrol,192,0,0,1800,3,1185,0.45746388443017655
19600,25,32189,Petrol,192,0,0,1800,3,1185,0.6089036627419304
21500,31,23000,Petrol,192,1,0,1800,3,1185,0.9347826086956522
22500,32,34131,Petrol,192,1,0,1800,3,1185,0.6592247516920102
22000,28,18739,Petrol,192,0,0,1800,3,1185,1.174022092961204
22750,30,34000,Petrol,192,1,0,1800,3,1185,0.6691176470588235
17950,24,21716,Petrol,110,1,0,1600,3,1105,0.8265794805673237
16750,24,25563,Petrol,110,0,0,1600,3,1065,0.6552439072096389
16950,30,64359,Petrol,110,1,0,1600,3,1105,0.2633664289376777
15950,30,67660,Petrol,110,1,0,1600,3,1105,0.23573751108483595
16950,29,43905,Petrol,110,0,1,1600,3,1170,0.38606081311923474
15950,28,56349,Petrol,110,1,0,1600,3,1120,0.28305737457630126
16950,28,32220,Petrol,110,1,0,1600,3,1120,0.5260707635009311
16250,29,25813,Petrol,110,1,0,1600,3,1120,0.6295277573315771
15950,25,28450,Petrol,110,1,0,1600,3,1120,0.5606326889279437
17495,27,34545,Petrol,110,1,0,1600,3,1120,0.5064408742220292
15750,29,41415,Petrol,110,1,0,1600,3,1120,0.38029699384281057
16950,28,44142,Petrol,110,0,0,1600,3,1120,0.3839880386026913
17950,30,11090,Petrol,110,1,0,1600,3,1120,1.618575293056808
12950,29,9750,Petrol,97,1,0,1400,3,1100,1.3282051282051281
15750,22,35199,Petrol,97,1,0,1400,3,1100,0.4474558936333419
15950,27,29510,Petrol,97,1,0,1400,3,1100,0.5404947475432057
14950,26,32692,Petrol,97,1,0,1400,3,1100,0.4572984216322036
15500,22,41000,Petrol,97,1,0,1400,3,1100,0.3780487804878049
15750,26,43000,Petrol,97,0,0,1400,3,1100,0.36627906976744184
15950,25,25000,Petrol,97,0,0,1400,3,1100,0.638
14950,23,10000,Petrol,97,1,0,1400,3,1100,1.495
15750,32,25329,Petrol,97,1,0,1400,3,1100,0.6218168897311382
14750,27,27500,Petrol,97,0,0,1400,3,1100,0.5363636363636364
13950,22,49059,Petrol,97,0,0,1400,3,1100,0.2843514951385067
16750,27,44068,Petrol,97,1,0,1400,3,1100,0.3800943995643097
13950,22,46961,Petrol,97,0,0,1400,3,1100,0.29705500308766847
16950,27,110404,Diesel,90,0,0,2000,5,1255,0.15352704612151732
16950,22,100250,Diesel,90,0,0,2000,5,1255,0.1690773067331671
19000,23,84000,Diesel,90,0,0,2000,5,1270,0.2261904761904762
17950,27,79375,Diesel,90,1,0,2000,5,1255,0.22614173228346457
15800,22,75048,Petrol,97,1,0,1400,5,1110,0.21053192623387698
17950,22,72215,Diesel,90,1,0,2000,5,1255,0.24856331787024857
21950,31,64982,Petrol,192,1,0,1800,5,1195,0.33778584838878456
17950,22,62636,Diesel,90,1,0,2000,5,1255,0.28657640973242227
15750,30,57086,Petrol,97,1,0,1400,5,1110,0.2758995200224223
20500,26,56000,Petrol,110,1,1,1600,5,1180,0.36607142857142855
21950,27,49866,Petrol,192,1,0,1800,5,1195,0.44017968154654474
15500,25,49163,Petrol,110,0,1,1600,5,1165,0.3152777495270834
13250,32,45725,Petrol,110,1,0,1600,5,1075,0.2897758337889557
15250,28,43210,Petrol,97,0,0,1400,5,1110,0.35292756306410555
15250,26,43000,Petrol,97,0,0,1400,5,1110,0.3546511627906977
18950,23,39704,Petrol,110,1,1,1600,5,1180,0.47728188595607496
15999,30,38950,Petrol,110,1,0,1600,5,1130,0.4107573812580231
14950,22,37400,Petrol,97,1,0,1400,5,1110,0.3997326203208556
16500,27,37177,Petrol,110,0,0,1600,5,1130,0.44382279366274846
18750,31,36544,Petrol,110,1,0,1600,5,1130,0.5130801225919439
17950,30,33511,Petrol,110,1,0,1600,5,1130,0.5356450120855838
17950,27,32809,Petrol,97,1,0,1400,5,1110,0.547105977018501
16950,26,32181,Petrol,110,1,0,1600,5,1075,0.5267083061433765
18950,28,30993,Petrol,110,1,0,1600,5,1130,0.6114283870551415
14950,22,30400,Petrol,97,1,0,1400,5,1110,0.4917763157894737
22250,22,30000,Diesel,110,1,0,2000,5,1275,0.7416666666666667
15950,25,29719,Petrol,97,1,0,1400,5,1110,0.5366936976345099
15950,28,29206,Petrol,97,1,0,1400,5,1110,0.5461206601383277
12995,32,29198,Petrol,97,1,0,1400,5,1060,0.4450647304609905
18950,28,28817,Petrol,110,1,0,1598,5,1130,0.6575979456570774
15750,23,28227,Petrol,97,1,0,1400,5,1110,0.557976405569136
19950,28,28000,Petrol,110,0,0,1600,5,1130,0.7125
16950,23,28000,Petrol,110,1,0,1600,5,1115,0.6053571428571428
18750,31,25266,Petrol,110,1,0,1600,5,1130,0.742104013298504
18450,27,23489,Petrol,110,0,0,1600,5,1115,0.7854740516837668
16895,29,22575,Petrol,110,1,0,1600,5,1115,0.7483942414174972
14900,30,22000,Petrol,97,1,0,1400,5,1110,0.6772727272727272
18950,25,20019,Petrol,110,1,1,1600,5,1180,0.9466007293071582
17250,29,20000,Petrol,110,1,0,1600,5,1115,0.8625
15450,25,17003,Petrol,97,1,0,1400,5,1110,0.9086631770863965
17950,31,16238,Petrol,110,1,1,1600,5,1180,1.1054317034117502
16650,25,15414,Petrol,97,1,0,1400,5,1110,1.0801868431296224
17450,28,8537,Petrol,110,1,0,1600,5,1130,2.0440435750263557
14900,30,7000,Petrol,97,1,0,1400,5,1100,2.1285714285714286
17950,20,66966,Diesel,90,1,0,2000,3,1245,0.26804647134366694
15950,19,51884,Petrol,97,1,0,1400,3,1100,0.3074165445994912
21950,19,50005,Diesel,110,1,0,2000,3,1265,0.43895610438956106
16450,20,48110,Petrol,97,1,0,1400,3,1100,0.3419247557680316
22250,20,37500,Diesel,90,1,0,2000,3,1260,0.5933333333333334
19950,16,34472,Diesel,90,1,0,1995,3,1260,0.578730563935948
15950,20,33329,Petrol,97,1,0,1400,3,1100,0.4785622130877014
18900,20,31850,Petrol,110,0,0,1600,3,1120,0.5934065934065934
19950,17,30351,Diesel,90,1,0,1995,3,1260,0.6573094790945933
15950,19,29435,Petrol,97,1,0,1400,3,1100,0.541871921182266
15950,19,25948,Petrol,97,1,0,1400,3,1100,0.6146909203021428
18750,11,24500,Petrol,110,1,0,1600,3,1120,0.7653061224489796
17450,18,23902,Petrol,97,1,0,1400,3,1100,0.7300644297548322
18990,20,23175,Petrol,110,1,0,1600,3,1120,0.8194174757281554
16250,19,19200,Petrol,97,1,0,1400,3,1100,0.8463541666666666
18500,13,18000,Petrol,71,0,0,1400,3,1125,1.0277777777777777
18500,11,16123,Petrol,110,1,0,1600,3,1105,1.1474291384977982
19450,11,14635,Petrol,110,1,1,1600,3,1155,1.3290058079945337
16950,19,13748,Petrol,97,1,0,1400,3,1100,1.2329066045970323
18800,14,11500,Petrol,110,1,0,1600,3,1045,1.6347826086956523
17450,17,10000,Petrol,97,1,0,1400,3,1100,1.745
17950,20,7187,Petrol,110,1,0,1600,3,1105,2.4975650480033393
32500,4,1,Diesel,116,0,0,2000,5,1480,32500.0
31000,4,4000,Diesel,116,1,0,2000,5,1480,7.75
31275,4,1500,Diesel,116,1,0,2000,5,1480,20.85
24950,8,13253,Diesel,116,1,0,2000,5,1320,1.882592620538746
22950,7,10000,Diesel,116,1,0,2000,5,1270,2.295
24990,8,6000,Diesel,90,1,0,2000,5,1280,4.165
21950,8,10841,Diesel,90,1,0,2000,5,1270,2.024720966700489
17900,7,1,Petrol,110,1,0,1600,3,1105,17900.0
19250,20,63000,Diesel,90,1,0,2000,5,1255,0.3055555555555556
22250,17,57313,Diesel,110,1,0,2000,5,1275,0.3882190776961597
18950,13,57037,Petrol,110,0,0,1600,5,1115,0.33224047548082825
19950,19,51099,Diesel,90,1,0,2000,5,1255,0.39041859918980804
16350,14,40010,Petrol,110,1,0,1600,5,1115,0.4086478380404899
18950,20,39115,Petrol,110,1,0,1600,5,1130,0.4844688738335677
16950,17,36012,Petrol,110,0,0,1600,5,1130,0.4706764411862712
21750,16,36000,Petrol,110,1,0,1600,5,1130,0.6041666666666666
15950,20,36000,Petrol,110,1,0,1600,5,1075,0.44305555555555554
16500,20,35000,Petrol,97,1,0,1400,5,1110,0.4714285714285714
17950,17,33740,Petrol,97,1,0,1400,5,1135,0.532009484291642
15850,13,33477,Petrol,110,1,0,1600,5,1075,0.47345939002897514
16250,20,32627,Petrol,97,1,0,1400,5,1110,0.4980537591565268
15950,20,29797,Petrol,97,1,0,1400,5,1110,0.5352887874618251
16250,19,29441,Petrol,97,1,0,1400,5,1110,0.5519513603478142
15950,13,29371,Petrol,110,1,0,1600,4,1105,0.5430526710020088
16500,20,29000,Petrol,97,0,0,1400,5,1110,0.5689655172413793
16500,19,27821,Petrol,97,0,0,1400,5,1110,0.5930771719204917
18450,19,27371,Petrol,97,0,0,1400,5,1135,0.6740710971466151
16250,13,25170,Petrol,110,1,0,1600,5,1105,0.6456098529996027
23000,11,25000,Diesel,116,1,0,2000,5,1320,0.92
19900,20,23000,Petrol,110,1,0,1600,5,1130,0.8652173913043478
16450,20,22588,Petrol,97,1,0,1400,5,1110,0.7282627944041083
23950,19,21684,Petrol,192,1,0,1800,5,1185,1.104501014572957
19950,13,21428,Petrol,110,1,0,1600,5,1130,0.9310248273287288
18500,16,20629,Petrol,110,1,0,1600,4,1090,0.8967957729410054
18950,15,20270,Petrol,110,1,0,1600,5,1130,0.9348791317217563
16450,16,20105,Petrol,97,0,0,1400,5,1110,0.8182044267595125
20500,20,20000,Petrol,110,0,1,1600,5,1165,1.025
24500,13,19988,Petrol,110,1,0,1600,5,1130,1.2257354412647588
19450,19,18328,Petrol,110,0,0,1600,5,1130,1.0612178088171105
20950,14,17896,Petrol,110,1,1,1600,4,1150,1.1706526598122486
17200,20,17300,Petrol,97,1,0,1400,5,1110,0.9942196531791907
19950,19,17038,Petrol,110,0,0,1600,5,1130,1.170912078882498
18450,10,13747,Petrol,97,1,0,1400,5,1110,1.3421110060376809
19500,12,13634,Petrol,110,1,0,1600,5,1115,1.4302479096376706
21750,13,13178,Petrol,110,1,0,1600,5,1130,1.6504780695097891
16868,15,13157,Petrol,97,1,0,1400,4,1085,1.282055179752223
19500,16,13000,Petrol,110,1,0,1600,4,1105,1.5
18900,11,12500,Petrol,110,1,0,1600,5,1115,1.512
19750,17,11999,Petrol,110,1,0,1600,5,1130,1.6459704975414617
19750,16,11754,Petrol,110,0,1,1600,5,1180,1.6802790539390846
18950,16,11000,Petrol,110,1,0,1600,4,1105,1.7227272727272727
20750,17,10000,Petrol,110,0,0,1598,5,1105,2.075
19600,9,7650,Petrol,110,1,0,1600,5,1115,2.5620915032679736
19500,14,6500,Petrol,110,1,0,1600,4,1100,3.0
17650,11,6155,Petrol,97,1,0,1400,5,1110,2.8675873273761168
19950,14,6000,Petrol,110,0,0,1600,5,1130,3.325
19950,14,5459,Petrol,110,1,0,1600,5,1130,3.6545154790254624
20950,14,5278,Petrol,110,1,1,1600,4,1150,3.969306555513452
20500,12,5000,Petrol,110,1,0,1600,5,1130,4.1
17795,9,1,Petrol,98,1,0,1400,4,1065,17795.0
18245,9,1,Petrol,110,1,0,1600,5,1075,18245.0
23750,8,11000,Petrol,110,1,0,1600,5,1130,2.159090909090909
19500,8,10077,Petrol,97,1,0,1400,5,1110,1.935099732063114
18950,8,10000,Petrol,97,1,0,1400,5,1110,1.895
21950,8,9788,Petrol,110,1,0,1600,5,1130,2.2425418880261545
19950,8,8574,Petrol,110,1,0,1600,5,1130,2.3268019594121765
18950,8,7000,Petrol,110,0,0,1600,5,1115,2.7071428571428573
19950,7,6250,Petrol,110,1,0,1600,5,1115,3.192
21950,8,5000,Petrol,110,1,0,1600,5,1130,4.39
22500,6,3000,Petrol,110,0,0,1600,5,1130,7.5
18500,7,2000,Petrol,110,0,0,1600,5,1075,9.25
18700,7,450,Petrol,97,1,0,1400,5,1110,41.55555555555556
21125,2,225,Petrol,97,1,0,1400,5,1110,93.88888888888889
21500,2,15,Petrol,110,1,0,1600,5,1130,1433.3333333333333
17795,1,1,Petrol,98,1,0,1400,4,1100,17795.0
18245,1,1,Petrol,110,1,0,1600,5,1075,18245.0
11750,40,130062,Diesel,69,1,0,1900,5,1140,0.09034152942442834
13250,41,123425,Diesel,69,1,0,1900,5,1140,0.10735264330565121
11950,37,118217,Petrol,110,1,0,1600,5,1075,0.10108529230144565
11900,44,110000,Diesel,69,1,0,1900,5,1095,0.10818181818181818
14750,39,108847,Diesel,90,1,0,2000,5,1205,0.1355113140463219
9950,42,105699,Petrol,97,1,0,1400,3,1025,0.09413523306748409
11950,39,98823,CNG,110,1,0,1600,5,1119,0.12092326685083432
11495,44,96829,Petrol,110,1,0,1600,5,1075,0.118714434725134
11250,40,96518,Petrol,97,1,0,1400,3,1025,0.11655856938602126
10500,42,92204,Petrol,110,1,0,1600,5,1075,0.11387792286668691
10450,35,91456,Diesel,69,1,0,1900,3,1110,0.11426259622113366
12950,43,89968,Diesel,69,1,0,1900,5,1140,0.14394006757958386
11500,44,89757,Petrol,110,1,0,1600,3,1045,0.1281237117996368
12500,40,85389,Petrol,110,1,0,1600,5,1075,0.14638887912963028
10950,43,85017,Petrol,97,0,0,1400,5,1060,0.12879776985779315
11450,41,84312,Petrol,110,0,0,1600,5,1080,0.13580510484865738
11950,37,82743,CNG,110,1,0,1600,5,1121,0.14442309319217336
13250,41,81106,Diesel,69,1,0,1900,5,1140,0.16336645870835698
14750,40,80425,Diesel,90,1,0,2000,5,1205,0.1834006838669568
11790,34,78677,Petrol,110,1,1,1600,5,1105,0.14985319724951385
11450,40,78425,Petrol,110,1,0,1600,5,1075,0.14599936244819892
13500,33,78108,Diesel,90,1,0,2000,3,1170,0.17283760946381932
10950,33,77321,Petrol,110,1,0,1600,5,1075,0.1416174131219203
13500,33,75699,Diesel,69,0,0,1900,3,1105,0.1783378908572108
10950,41,75697,Petrol,97,1,0,1400,3,1025,0.1446556666710702
10950,44,74846,Petrol,97,1,0,1400,3,1025,0.14630040349517676
12950,38,74319,Petrol,110,1,0,1600,5,1075,0.17424884619007253
11950,43,74285,Petrol,110,1,0,1600,5,1075,0.16086693141280203
12450,44,74172,Petrol,110,1,0,1600,5,1615,0.16785309820417407
11950,40,73042,Petrol,110,1,0,1598,5,1075,0.16360450151967362
14950,44,71793,CNG,110,1,0,1600,4,1067,0.20823757190812475
12450,35,71200,Petrol,110,1,0,1600,5,1075,0.17485955056179775
12950,38,67805,Petrol,110,1,0,1600,5,1075,0.19098886512794042
11950,35,65988,Petrol,110,1,0,1600,3,1040,0.18109353215736196
11690,34,65345,Petrol,97,1,0,1400,5,1060,0.17889662560257097
12450,42,64564,Petrol,110,1,0,1600,5,1080,0.1928319187163125
12750,36,63459,Petrol,97,1,0,1400,5,1060,0.20091712759419467
11925,44,63451,Petrol,97,0,0,1400,3,1025,0.18794030038927675
12950,33,62000,Petrol,110,1,0,1600,5,1075,0.20887096774193548
11950,42,61300,Petrol,97,1,0,1400,3,1030,0.19494290375203915
12900,41,61200,Petrol,110,1,0,1600,3,1045,0.2107843137254902
11900,41,61000,Petrol,110,0,0,1600,5,1075,0.19508196721311474
11650,38,60829,Petrol,110,1,0,1600,5,1075,0.1915204918706538
10950,44,60500,Petrol,110,0,0,1600,5,1075,0.18099173553719008
13950,35,59500,Diesel,69,1,0,1900,3,1110,0.23445378151260504
13950,44,59000,Petrol,110,0,1,1600,5,1110,0.2364406779661017
11950,40,58954,Petrol,110,1,0,1600,5,1080,0.20270041048953422
10950,38,58798,Petrol,110,1,0,1600,5,1075,0.18623082417769313
12450,38,58363,Petrol,110,1,0,1600,3,1055,0.2133200829292531
11950,43,58277,Petrol,110,1,0,1600,3,1045,0.20505516756181685
13500,33,57711,Diesel,90,1,0,2000,3,1165,0.2339242085564277
11690,33,57269,Petrol,110,1,0,1600,5,1075,0.20412439539716076
13500,39,56001,Petrol,110,1,0,1600,5,1075,0.2410671238013607
11950,42,55968,Petrol,110,0,0,1600,3,1050,0.21351486563750716
12900,39,55678,Petrol,110,1,0,1600,4,1030,0.23168935665792592
13500,43,55539,Petrol,110,1,0,1600,5,1085,0.24307243558580457
11750,42,55400,Petrol,110,0,0,1600,5,1075,0.21209386281588447
11750,33,55350,Petrol,110,0,0,1600,5,1075,0.2122854561878952
10850,43,54600,Petrol,110,0,0,1600,4,1030,0.1987179487179487
11750,43,53773,Petrol,110,1,0,1600,5,1075,0.21851114871775798
14950,42,53719,Petrol,110,1,1,1600,5,1105,0.2783000428153912
9940,39,53644,Petrol,110,1,0,1600,5,1075,0.18529565282231003
12900,42,53350,Petrol,110,0,0,1600,5,1075,0.24179943767572634
13500,38,53000,Petrol,110,1,0,1600,5,1075,0.25471698113207547
11750,44,52084,Petrol,97,1,0,1400,3,1025,0.22559711235696184
11950,44,52000,Petrol,97,0,0,1400,3,1025,0.2298076923076923
13450,33,51945,Petrol,110,1,0,1600,5,1075,0.2589277120030802
11950,41,51732,Petrol,97,1,0,1400,3,1025,0.23099822160364958
12495,39,50873,Petrol,110,1,0,1600,5,1075,0.2456116210956696
13500,41,50856,Petrol,110,0,0,1600,4,1030,0.2654554034922133
12750,40,50640,Petrol,110,1,0,1600,5,1075,0.2517772511848341
12000,39,50000,Petrol,97,1,0,1400,5,1060,0.24
11950,38,49500,Petrol,110,1,0,1600,5,1075,0.24141414141414141
12495,44,49332,Petrol,110,1,0,1600,5,1080,0.2532838725370956
12450,34,49291,Petrol,110,1,0,1600,3,1040,0.25258160718995354
14750,40,48952,Diesel,90,1,0,2000,5,1205,0.301315574440268
10950,39,48945,Petrol,110,0,0,1600,3,1040,0.22372050260496476
13500,33,48928,Diesel,69,1,0,1900,3,1105,0.27591563113145845
12950,38,48197,Petrol,110,1,0,1600,5,1075,0.2686889225470465
13500,35,48052,Diesel,69,1,0,1900,3,1105,0.2809456422209273
13450,34,48011,Petrol,110,1,0,1600,4,1030,0.28014413363604174
13500,43,48000,Petrol,110,1,0,1600,5,1075,0.28125
11480,41,47350,Petrol,110,1,0,1600,5,1075,0.24244984160506863
13450,39,46821,Petrol,97,1,0,1400,5,1060,0.28726426176288417
11495,39,46694,Petrol,110,0,0,1600,3,1040,0.2461772390457018
12750,43,46515,Petrol,97,0,0,1400,5,1025,0.2741051273782651
14990,38,46327,Petrol,110,1,0,1600,3,1055,0.32356940876810497
12950,35,46304,Petrol,97,1,0,1400,5,1060,0.2796734623358673
12950,40,45886,Petrol,110,1,0,1600,5,1080,0.2822211567798457
12850,39,45713,Petrol,97,1,0,1400,5,1085,0.28110165598407455
13950,40,45600,Petrol,110,1,1,1600,5,1105,0.3059210526315789
11950,41,45287,Petrol,110,1,0,1600,5,1075,0.26387263453088083
12950,39,45081,Petrol,110,1,0,1600,5,1075,0.2872607085024733
11700,40,44830,Petrol,110,1,0,1600,5,1075,0.260985946910551
9950,37,44757,Petrol,97,0,0,1400,3,1025,0.2223115937171839
11895,44,44218,Petrol,97,1,0,1400,5,1060,0.2690080962503958
12950,43,43632,Petrol,110,1,0,1600,5,1075,0.2968005133846718
12500,36,43427,Petrol,110,1,0,1600,3,1040,0.28783936260851545
13875,39,43254,Petrol,110,1,0,1600,5,1075,0.32077958107920657
10500,35,43000,Petrol,110,0,0,1600,3,1050,0.2441860465116279
12295,33,42823,Petrol,110,1,0,1600,5,1075,0.2871120659458702
13950,42,42560,Petrol,110,1,0,1600,5,1080,0.32777255639097747
10950,38,41754,Petrol,110,0,0,1600,3,1040,0.2622503233223164
12950,44,41499,CNG,110,1,0,1600,5,1103,0.3120557121858358
12850,40,41339,Petrol,110,1,0,1600,5,1080,0.31084448099857276
13995,35,41000,Petrol,110,1,0,1600,5,1075,0.34134146341463417
13750,39,40000,Petrol,110,1,0,1600,3,1055,0.34375
12750,37,39757,Petrol,110,1,0,1600,5,1075,0.3206982418190507
12500,41,39659,Petrol,110,1,0,1600,3,1045,0.3151869689099574
13950,43,39650,Petrol,110,0,0,1600,3,1055,0.35182849936948296
11500,39,39524,Petrol,97,1,0,1398,3,1025,0.2909624531929967
13950,44,39516,Petrol,97,1,0,1400,5,1060,0.3530215608867294
11895,41,39439,Petrol,97,0,0,1400,5,1060,0.30160501026902303
9950,44,39000,Petrol,97,1,0,1400,3,1025,0.2551282051282051
13500,42,38932,Petrol,110,1,0,1600,3,1040,0.34675845063187094
11450,37,38812,Petrol,97,0,0,1400,3,1025,0.29501185200453467
12450,42,38665,Petrol,110,1,0,1600,5,1075,0.3219966377861115
12950,40,38653,Petrol,110,1,0,1600,5,1080,0.335032209660311
13995,44,38461,Petrol,110,1,0,1600,5,1080,0.36387509425131953
11750,42,38078,Petrol,97,0,0,1400,3,1025,0.3085771311518462
11650,39,37782,Petrol,97,1,0,1400,5,1060,0.30834789052988193
9950,43,37576,Petrol,97,0,0,1400,3,1030,0.26479667873110496
13950,41,37533,Petrol,110,1,0,1600,5,1075,0.3716729278235153
12950,44,37389,Petrol,110,1,0,1600,5,1080,0.34635855465511245
10950,38,37320,Petrol,97,1,0,1400,3,1025,0.2934083601286174
9900,42,37000,Petrol,97,1,0,1400,3,1025,0.26756756756756755
11950,44,37000,Petrol,110,0,0,1600,4,1075,0.32297297297297295
11990,40,36566,Petrol,110,0,0,1600,5,1090,0.3279002351911612
10750,36,36269,Petrol,110,1,0,1600,5,1075,0.296396371556977
13950,37,36074,Petrol,110,1,1,1600,5,1075,0.38670510617064924
11250,44,36066,Petrol,110,1,0,1600,3,1040,0.31192813175844286
12950,39,34599,Petrol,110,1,0,1600,5,1075,0.3742882742275788
11950,41,34000,Petrol,110,1,0,1600,5,1075,0.3514705882352941
10950,42,33623,Petrol,97,1,0,1400,3,1025,0.3256699283228742
12950,33,33591,Petrol,110,1,0,1600,5,1075,0.3855199309338811
12950,35,33258,Petrol,110,1,0,1600,5,1075,0.38937999879728186
11695,43,33113,Petrol,110,1,0,1600,5,1075,0.35318454987467157
11000,41,33000,Petrol,110,1,1,1600,5,1075,0.3333333333333333
13950,35,32941,Petrol,110,1,0,1600,5,1080,0.42348441152363314
11950,38,32781,Petrol,110,0,0,1600,5,1075,0.364540435008084
11750,40,32532,Petrol,110,1,0,1600,3,1040,0.361182835362105
12400,34,32431,Petrol,97,1,0,1400,5,1060,0.38235022046807066
12500,35,32000,Petrol,110,0,0,1600,3,1040,0.390625
12900,33,31000,Petrol,110,1,0,1600,5,1075,0.4161290322580645
12200,41,30989,Petrol,110,0,0,1600,3,1045,0.3936880828681145
12750,43,30742,Petrol,110,1,0,1600,3,1040,0.4147420467113395
11950,42,30190,Petrol,110,1,0,1600,5,1075,0.39582643259357403
11900,41,29716,Petrol,116,1,0,1600,5,1075,0.40045766590389015
11950,44,29716,Petrol,110,1,1,1600,3,1070,0.40214026113878043
14950,42,29640,Petrol,110,0,0,1600,3,1055,0.5043859649122807
11950,41,29056,Petrol,97,1,0,1400,5,1060,0.4112747797356828
12950,33,28715,Petrol,110,1,0,1600,5,1075,0.4509838063729758
14950,41,28571,Petrol,110,0,0,1600,5,1090,0.523257848867733
13450,40,28362,Petrol,110,1,0,1600,3,1040,0.4742260771454763
13750,38,28150,Petrol,110,1,0,1600,5,1075,0.48845470692717585
12950,43,27301,Petrol,110,1,0,1600,3,1040,0.4743415992088202
12750,33,27240,Petrol,110,1,0,1600,5,1075,0.46806167400881055
11895,39,27170,Petrol,97,1,0,1400,5,1060,0.43779904306220097
9950,42,27141,Petrol,97,1,0,1400,5,1060,0.3666040308021075
12450,38,26262,Petrol,110,1,0,1600,5,1075,0.47406899702992916
12500,38,26000,Petrol,97,1,0,1400,5,1060,0.4807692307692308
14950,43,25228,Petrol,110,1,0,1600,3,1045,0.5925955287775487
13750,39,25062,Petrol,110,1,0,1600,5,1080,0.548639374351608
12695,39,24723,Petrol,110,1,1,1600,4,1060,0.5134894632528415
14990,33,24650,Petrol,110,1,0,1600,3,1055,0.6081135902636917
12750,43,24553,Petrol,110,1,0,1600,5,1080,0.5192848124465442
14350,41,24475,Petrol,110,1,0,1600,5,1030,0.5863125638406538
12950,39,24444,Petrol,110,1,0,1600,3,1040,0.5297823596792669
11500,35,24011,Petrol,97,0,0,1400,3,1025,0.47894714922327264
11950,41,24000,Petrol,97,1,0,1400,3,1025,0.4979166666666667
13450,40,23616,Petrol,110,1,0,1600,5,1075,0.5695291327913279
12900,38,22865,Petrol,110,1,0,1600,5,1075,0.5641810627596764
10500,41,22780,Petrol,86,1,0,1300,5,1035,0.46093064091308167
10950,35,21904,Petrol,97,0,0,1400,3,1025,0.49990869247626
11950,41,21651,Petrol,97,0,0,1400,3,1025,0.5519375548473512
11450,37,21500,Petrol,110,1,0,1600,5,1030,0.5325581395348837
13250,44,21027,Petrol,110,1,0,1600,5,1080,0.6301421981262186
10250,39,18500,Petrol,110,0,0,1600,4,1030,0.5540540540540541
13995,35,18000,Petrol,110,1,0,1600,5,1075,0.7775
11950,40,17051,Petrol,97,0,0,1400,5,1060,0.7008386604891209
13250,33,16512,Petrol,97,1,0,1400,5,1085,0.8024467054263565
12950,40,16325,Petrol,110,1,0,1600,5,1080,0.7932618683001531
11750,38,16000,Petrol,97,1,0,1400,5,1060,0.734375
11500,39,12000,Petrol,110,1,0,1600,5,1075,0.9583333333333334
13500,43,10000,Petrol,97,1,0,1400,5,1060,1.35
8950,54,149329,Diesel,72,1,0,2000,5,1135,0.05993477489302145
9900,51,146736,Petrol,110,1,0,1600,5,1080,0.06746810598626105
10250,53,143513,Diesel,69,0,0,1900,5,1140,0.07142210113369521
9250,48,142130,CNG,110,0,0,1600,5,1119,0.06508126363188631
7750,48,140700,Diesel,69,1,0,1900,5,1110,0.055081734186211796
9450,54,138394,Diesel,69,1,0,1900,4,1095,0.06828330707978669
7750,55,137000,Diesel,72,1,0,2000,5,1135,0.05656934306569343
8250,52,135258,Diesel,69,1,0,1900,5,1140,0.06099454376081267
9950,49,131364,Petrol,110,1,0,1600,5,1075,0.07574373496543954
9950,50,126110,Petrol,110,0,0,1600,3,1055,0.07889937356276266
9000,48,119742,Petrol,110,1,0,1600,5,1080,0.07516159743448414
9950,53,117913,Diesel,69,1,0,1900,5,1110,0.08438424940422176
12450,47,117430,Diesel,90,1,0,2000,3,1165,0.10602060802180022
10500,55,117175,Petrol,110,1,0,1600,4,1035,0.08960955835289097
10750,54,115558,Petrol,110,1,0,1600,4,1035,0.0930268782775749
8950,53,115113,Petrol,97,1,0,1400,3,1025,0.07774968943559807
10500,54,115046,Diesel,69,1,0,1900,5,1140,0.09126784068981103
5150,56,113997,Diesel,72,1,0,2000,5,1135,0.04517662745510847
10950,49,107859,Petrol,97,0,0,1400,5,1060,0.1015214307568214
9450,52,104805,Petrol,97,1,0,1400,3,1025,0.090167453842851
9950,54,103454,Petrol,110,1,0,1600,5,1075,0.09617801148336459
10950,51,103018,Diesel,69,0,0,1900,5,1140,0.10629210429245374
11900,47,102352,Petrol,110,1,0,1600,5,1080,0.11626543692355792
9950,50,102030,Petrol,97,1,0,1400,5,1060,0.0975203371557385
11950,54,101352,Petrol,110,0,0,1600,5,1080,0.11790591206882943
7900,50,99865,Petrol,110,1,0,1600,4,1035,0.07910679417213237
10950,52,99323,Petrol,110,1,0,1600,3,1055,0.11024636791075582
8950,48,98100,Diesel,69,1,0,1900,5,1140,0.09123343527013252
11950,51,98040,Petrol,110,0,0,1600,5,1080,0.1218890248878009
10900,49,97600,Petrol,110,1,0,1600,3,1045,0.11168032786885246
9950,55,97234,Petrol,110,0,0,1600,5,1080,0.10233046053849476
9950,51,96135,Diesel,72,0,0,2000,3,1115,0.103500286056067
10950,54,96100,Petrol,110,1,0,1600,5,1080,0.11394380853277836
8950,55,94401,Diesel,72,0,0,2000,3,1115,0.09480831770849885
8950,55,94122,Petrol,86,1,0,1300,3,1015,0.09508935211746457
10500,49,91340,Petrol,110,1,0,1600,3,1055,0.11495511276549157
8950,53,90200,Petrol,97,0,0,1400,3,1025,0.0992239467849224
9250,53,90097,Diesel,69,1,0,1900,5,1140,0.1026671254314794
11500,48,89049,Petrol,97,1,0,1400,5,1060,0.12914238228391112
9750,52,89000,Petrol,110,0,0,1600,5,1075,0.10955056179775281
9950,45,87274,Petrol,110,1,0,1600,3,1040,0.1140087540390036
11450,49,86221,Petrol,110,0,0,1600,3,1045,0.1327982742023405
12500,54,84598,Petrol,110,0,0,1600,5,1075,0.14775763020402374
10500,50,83567,Petrol,110,0,0,1600,5,1075,0.1256476838943602
12950,50,83106,Petrol,110,1,0,1600,5,1075,0.1558250908478329
12200,50,82805,Petrol,110,1,0,1600,3,1040,0.1473340981824769
10950,50,82735,Petrol,97,1,0,1400,3,1030,0.1323502749743156
10950,54,81905,Petrol,110,1,0,1600,5,1105,0.13369147182711677
11290,49,80320,Petrol,110,1,1,1600,3,1070,0.14056274900398405
10750,49,80090,Petrol,97,1,0,1400,3,1030,0.13422399800224746
10895,53,79800,Petrol,110,0,0,1600,5,1075,0.13652882205513783
11500,47,78785,CNG,110,1,0,1600,5,1119,0.14596687186647203
9750,48,78600,Petrol,110,1,0,1600,5,1075,0.12404580152671756
10250,55,77780,Petrol,110,0,0,1600,3,1040,0.13178194908716895
12500,49,77648,Petrol,110,0,0,1600,4,1030,0.16098289717700393
11950,54,77270,Petrol,110,1,0,1600,4,1035,0.15465251714766404
10750,50,76167,Petrol,97,1,0,1400,5,1060,0.14113723791143146
11450,46,75249,Petrol,110,1,0,1600,4,1035,0.15216149051814643
11950,54,75231,Petrol,110,1,0,1600,5,1080,0.15884409352527548
11750,48,75045,Petrol,110,1,0,1600,3,1055,0.15657272303284697
10950,50,74849,Petrol,110,1,1,1600,4,1060,0.14629453967320874
11950,55,74715,Petrol,110,1,0,1600,5,1080,0.1599411095496219
10995,49,74656,Diesel,69,0,0,1900,3,1105,0.14727550364337763
11450,56,74500,Petrol,97,0,0,1400,3,1025,0.15369127516778525
8900,49,74494,Petrol,110,1,0,1600,5,1075,0.11947270921148012
10500,50,73634,Petrol,110,0,0,1587,5,1075,0.14259716978569684
11750,47,73403,Petrol,110,1,0,1600,5,1075,0.160075201286051
11450,49,73175,Petrol,97,1,0,1400,3,1030,0.15647420567133583
12000,52,73000,Petrol,110,0,0,1600,3,1055,0.1643835616438356
11950,50,72242,Petrol,110,0,1,1600,3,1070,0.16541623986046897
9850,53,72000,Petrol,97,1,0,1400,3,1025,0.13680555555555557
10950,54,71725,Petrol,110,1,0,1600,4,1035,0.1526664342976647
10950,54,71276,Petrol,110,0,0,1600,5,1080,0.15362814972781863
8695,50,70440,Diesel,69,1,0,1900,3,1105,0.12343838727995457
10990,53,70239,Petrol,110,0,0,1600,3,1040,0.1564657811187517
9500,55,69813,Petrol,97,1,0,1400,3,1025,0.1360778078581353
11950,49,69659,Petrol,86,0,0,1300,3,1025,0.17154997918431214
10750,46,69574,Petrol,97,0,0,1400,5,1065,0.15451174289245984
8750,47,69000,Diesel,69,1,0,1900,5,1140,0.12681159420289856
8750,49,68565,Petrol,110,1,0,1600,4,1030,0.1276161306789178
11450,55,68520,Diesel,72,1,0,2000,3,1115,0.16710449503794514
9950,46,68414,Petrol,97,0,0,1400,3,1025,0.14543806823164848
11950,56,66777,Petrol,110,0,0,1600,5,1090,0.17895383140901808
13950,52,66527,Petrol,110,1,0,1600,5,1080,0.2096892990815759
11250,54,66063,Petrol,110,1,0,1600,5,1090,0.17029199400572181
10900,50,65471,Petrol,97,1,0,1400,5,1060,0.16648592506605978
9750,56,65400,Petrol,97,1,0,1400,3,1025,0.14908256880733944
9950,52,65170,Petrol,97,1,0,1400,3,1025,0.1526776123983428
11950,56,65000,Petrol,110,1,0,1600,5,1075,0.18384615384615385
10450,48,64193,Petrol,110,1,0,1600,3,1040,0.162790335394825
8950,54,64000,Petrol,97,1,0,1400,3,1025,0.13984375
10250,54,63792,Petrol,110,1,0,1600,5,1075,0.16067845497868072
9930,53,63635,Petrol,110,1,0,1600,4,1035,0.15604620099002123
10500,54,63135,Petrol,110,1,0,1600,3,1050,0.16631028747921123
11950,54,63123,Petrol,110,1,0,1600,4,1035,0.1893129287264547
11500,48,63000,Diesel,69,1,0,1900,5,1140,0.18253968253968253
11500,55,63000,Petrol,110,0,0,1600,4,1035,0.18253968253968253
11450,54,62987,Petrol,110,0,0,1600,5,1080,0.18178354263578198
9900,56,62751,Petrol,110,0,0,1600,3,1050,0.15776641009705025
9500,54,62519,Petrol,97,0,0,1400,3,1025,0.15195380604296294
10500,50,62280,Petrol,97,1,0,1400,5,1060,0.16859344894026976
10750,50,61672,Petrol,110,0,0,1600,5,1075,0.17430924892982227
8950,54,61000,Diesel,69,0,0,2000,5,1140,0.14672131147540984
12000,56,61000,Petrol,110,1,0,1600,3,1050,0.19672131147540983
9940,53,60558,Petrol,110,1,0,1600,4,1105,0.16414016314937746
10950,47,60348,Petrol,110,0,0,1600,4,1030,0.18144760389739512
10750,54,60239,Petrol,110,1,0,1600,5,1075,0.1784558176596557
9799,51,59000,Petrol,97,1,0,1400,3,1025,0.16608474576271187
11750,51,58761,Petrol,97,0,0,1300,5,1060,0.1999625602014942
11950,54,58745,Petrol,110,1,0,1600,4,1035,0.20342156779300366
11250,52,58596,Petrol,110,1,0,1600,3,1045,0.19199262748310464
11750,54,58530,Petrol,110,0,0,1600,5,1075,0.20075175123868103
10950,55,58377,Petrol,110,1,0,1600,3,1050,0.1875738732720078
11250,56,58142,Petrol,110,1,0,1600,5,1080,0.19349179594785182
9950,53,57948,Petrol,97,1,0,1400,3,1025,0.1717056671498585
9700,51,57645,Petrol,110,0,0,1600,5,1080,0.16827131581229943
11950,47,57500,Petrol,110,1,0,1600,4,1105,0.20782608695652174
9900,53,57475,Petrol,110,0,0,1600,3,1040,0.1722488038277512
9990,55,56743,Petrol,110,0,0,1600,3,1045,0.1760569585675766
9475,48,56675,Petrol,97,1,0,1400,3,1025,0.16718129686810762
11500,54,55877,Petrol,110,1,0,1600,5,1075,0.20580918803801207
11950,53,55500,Petrol,110,1,0,1600,4,1035,0.2153153153153153
11500,55,54900,Petrol,97,1,0,1400,5,1060,0.20947176684881602
10500,50,54465,Petrol,110,0,0,1600,5,1075,0.19278435692646653
10900,46,53700,Petrol,97,1,0,1400,5,1060,0.20297951582867785
11700,52,53561,Petrol,97,1,0,1400,5,1060,0.2184425234779037
11900,51,53408,Petrol,110,1,0,1600,5,1080,0.22281306171360096
13950,51,53268,Petrol,110,1,0,1600,5,1080,0.26188330705113766
10950,49,53116,Petrol,97,1,0,1400,3,1025,0.20615257172979892
10500,56,52448,Petrol,97,0,0,1400,3,1025,0.20019829164124467
10750,55,52149,Petrol,97,1,0,1400,3,1085,0.20614009856373086
11950,55,52141,Petrol,110,1,0,1600,5,1070,0.22918624498954757
10000,56,52000,Petrol,97,0,0,1400,3,1025,0.19230769230769232
10495,48,50967,Petrol,97,1,0,1400,5,1060,0.20591755449604646
11450,50,50400,Petrol,110,0,0,1600,5,1080,0.22718253968253968
9400,54,50000,Petrol,97,1,0,1400,3,1025,0.188
11950,51,50000,Petrol,86,1,0,1300,5,1045,0.239
9650,53,49969,Petrol,110,0,0,1600,5,1075,0.19311973423522583
18950,49,49568,Petrol,110,1,0,1600,3,1105,0.3823030987734022
11450,51,49473,Petrol,110,0,0,1600,3,1055,0.23143937097002407
10250,52,49432,Petrol,110,1,0,1600,3,1050,0.20735555915196635
11450,48,49417,Petrol,110,1,0,1600,3,1045,0.23170164113564157
9950,54,49366,Petrol,97,1,0,1400,3,1025,0.20155572661345866
10500,56,48731,Petrol,110,1,0,1600,3,1055,0.21546859288748435
13750,54,48370,Petrol,110,1,0,1600,5,1080,0.28426710771139135
9950,48,48071,Petrol,97,0,0,1400,3,1025,0.2069855006136756
10250,54,47852,Petrol,110,1,0,1600,4,1030,0.21420212321324084
10850,54,47768,Petrol,110,0,0,1600,3,1055,0.22713950762016413
11895,52,47689,Petrol,110,0,0,1600,5,1075,0.24942858940216822
12950,53,47451,Petrol,110,1,0,1600,3,1055,0.2729131103664833
11950,50,47219,Petrol,110,1,0,1600,5,1080,0.25307609225100064
10750,56,47211,Petrol,110,1,0,1600,5,1070,0.22770117133718837
9550,54,46856,Petrol,97,0,0,1400,5,1060,0.20381594673040807
10950,56,46500,Petrol,86,0,0,1300,5,1035,0.23548387096774193
11750,52,46449,Petrol,110,1,0,1600,4,1035,0.2529656182049129
10950,47,46391,Petrol,110,0,0,1600,5,1075,0.23603716238063419
12450,54,46230,Petrol,110,1,0,1600,3,1055,0.2693056456846204
10500,52,46029,Petrol,110,1,0,1600,4,1030,0.22811705663820636
10900,50,46000,Petrol,97,0,0,1400,3,1025,0.23695652173913043
12950,50,45900,Petrol,110,1,0,1600,5,1075,0.2821350762527233
10950,47,45850,Petrol,97,0,0,1400,5,1060,0.23882224645583425
12500,56,45336,Petrol,110,1,0,1600,5,1080,0.2757190753485089
9950,55,44537,Petrol,97,0,0,1400,3,1025,0.22340974919729664
10750,56,43700,Petrol,86,1,0,1300,3,1025,0.2459954233409611
12500,48,43120,Petrol,97,1,0,1400,3,1030,0.2898886827458256
10450,49,41710,Petrol,110,0,0,1600,3,1040,0.2505394389834572
10750,52,41700,Petrol,97,1,0,1400,3,1025,0.2577937649880096
12950,49,41636,Petrol,110,1,0,1600,5,1105,0.3110289172831204
10995,50,41273,Petrol,97,0,0,1400,5,1060,0.2663969180820391
11950,49,40836,Petrol,110,0,1,1600,3,1075,0.2926339504358899
11250,50,40400,Petrol,97,1,0,1400,5,1060,0.2784653465346535
11950,47,40361,Petrol,110,1,0,1600,5,1090,0.29607789697975767
13750,54,40325,Petrol,86,0,0,1300,5,1045,0.34097954122752633
11000,47,40000,Petrol,110,0,0,1600,5,1080,0.275
13500,50,39706,Petrol,110,1,0,1600,5,1080,0.3399989925955775
10950,54,39291,Petrol,110,1,0,1600,3,1040,0.27868977628464536
10750,54,39000,Petrol,97,0,0,1400,3,1025,0.27564102564102566
8950,47,38900,Petrol,97,1,0,1400,3,1025,0.2300771208226221
12950,51,38403,Petrol,110,0,0,1600,3,1055,0.3372132385490717
9750,56,37461,Petrol,97,0,0,1400,3,1025,0.26027068150876914
10900,54,37000,Petrol,97,1,0,1400,3,1025,0.2945945945945946
10995,55,36406,Petrol,110,1,0,1600,4,1035,0.30201065758391477
10750,48,36005,Petrol,97,1,0,1400,5,1065,0.2985696431051243
10950,52,36000,Petrol,110,1,0,1600,5,1075,0.30416666666666664
13000,49,36000,Petrol,110,0,0,1600,5,1080,0.3611111111111111
12950,45,36000,Petrol,110,1,1,1600,3,1070,0.3597222222222222
11500,52,35823,Petrol,110,0,0,1600,5,1075,0.3210228065767803
10950,56,35230,Petrol,97,0,0,1400,3,1025,0.31081464660800456
11710,48,35142,Petrol,110,0,0,1600,3,1055,0.3332195094189289
9980,49,34890,Petrol,97,0,0,1400,3,1025,0.28604184580108916
12250,51,34882,Petrol,110,1,0,1600,5,1075,0.35118399174359266
11500,46,34000,Petrol,110,1,0,1600,5,1075,0.3382352941176471
11950,56,33998,Petrol,110,0,0,1600,5,1080,0.3514912641920113
11500,55,33230,Petrol,110,0,0,1600,3,1050,0.34607282575985554
11900,46,33021,Petrol,110,1,0,1600,5,1080,0.3603767299597226
11930,49,31999,Petrol,97,0,0,1400,3,1030,0.3728241507547111
10500,52,31579,Petrol,97,0,0,1400,3,1025,0.33249944583425695
8950,56,31000,Petrol,97,0,0,1400,3,1025,0.2887096774193548
10450,46,30806,Petrol,97,1,0,1400,5,1060,0.33921963253911575
10500,55,30461,Petrol,86,1,0,1300,5,1050,0.3447030629329306
12950,50,29686,Petrol,110,1,1,1600,3,1075,0.4362325675402547
9950,55,29650,Petrol,86,0,0,1300,3,1025,0.33558178752107926
12900,52,29500,Petrol,110,1,0,1600,3,1055,0.43728813559322033
9950,48,28656,Petrol,97,0,0,1400,3,1085,0.3472222222222222
9950,55,27500,Petrol,97,1,0,1400,3,1025,0.3618181818181818
10950,48,26938,Petrol,110,1,0,1600,3,1040,0.4064889746826045
10950,53,26624,Petrol,97,0,0,1400,5,1060,0.41128305288461536
9950,47,26221,Petrol,97,1,0,1400,3,1025,0.379466839556081
10950,50,22648,Petrol,97,1,0,1400,5,1060,0.48348640056517134
10800,50,22500,Petrol,97,1,0,1400,3,1025,0.48
10500,56,19313,Petrol,97,0,0,1400,3,1025,0.5436752446538601
10450,50,17619,Petrol,110,0,0,1600,4,1030,0.5931097111073274
10600,51,17069,Petrol,97,1,0,1400,3,1025,0.6210088464467749
10450,48,15000,Petrol,97,1,0,1400,3,1025,0.6966666666666667
12950,50,10210,Petrol,97,0,0,1400,5,1065,1.268364348677767
11250,47,5309,Petrol,110,1,1,1600,3,1070,2.1190431343002447
7500,50,1,Diesel,90,1,0,2000,3,1260,7500.0
8950,52,31000,Petrol,97,0,0,1398,3,1025,0.2887096774193548
6250,67,149000,Diesel,90,1,0,2000,5,1135,0.04194630872483222
9500,62,147636,Diesel,72,0,0,2000,5,1135,0.06434744913164811
6900,59,144521,Diesel,72,1,0,2000,5,1135,0.04774392648819203
8450,64,144000,CNG,110,1,0,1600,3,1065,0.058680555555555555
7350,65,140168,Diesel,72,1,0,2000,3,1115,0.05243707550938873
8950,68,140000,Petrol,110,1,0,1600,5,1085,0.06392857142857143
6900,60,139800,Diesel,72,0,0,2000,3,1115,0.04935622317596566
8950,59,137050,CNG,110,1,0,1600,3,1078,0.06530463334549434
8750,61,136956,Petrol,110,0,0,1600,3,1065,0.06388913227605947
7950,67,135337,CNG,110,1,0,1600,5,1120,0.05874225082571655
8950,64,133769,Diesel,72,1,0,2000,3,1120,0.06690638339226578
8950,58,133405,Diesel,72,1,0,2000,5,1135,0.06708893969491399
8950,65,132807,Diesel,72,1,0,2000,5,1135,0.06739102607543278
7950,64,132393,Diesel,72,0,0,2000,5,1135,0.060048491989757764
7750,60,130270,Petrol,110,0,0,1600,3,1050,0.05949182467183542
7500,59,130000,Diesel,72,1,0,2000,4,1135,0.057692307692307696
8950,67,127000,Diesel,72,1,0,2000,5,1135,0.07047244094488189
9800,67,126800,Diesel,72,0,0,2000,5,1135,0.07728706624605679
9450,66,126452,Petrol,110,1,0,1600,5,1085,0.07473191408597729
8950,62,125175,Diesel,116,0,0,2000,5,1150,0.07149990013980427
8750,68,125000,Diesel,72,1,0,2000,3,1115,0.07
10500,61,123000,Diesel,72,0,0,2000,5,1135,0.08536585365853659
7995,59,121626,Petrol,86,0,0,1300,5,1050,0.06573430023185832
10450,64,120400,Petrol,110,0,0,1600,5,1090,0.08679401993355482
9950,66,120000,Diesel,72,0,0,2000,4,1100,0.08291666666666667
9950,68,119541,Petrol,110,0,0,1600,3,1055,0.08323504069733396
8950,68,119500,Petrol,110,1,0,1600,5,1070,0.07489539748953974
7950,68,119289,Petrol,110,1,0,1600,4,1035,0.06664487085984458
10950,57,118833,Petrol,110,0,0,1600,3,1065,0.09214612102698745
9950,64,118000,Diesel,72,1,0,2000,5,1150,0.08432203389830509
8600,68,117955,Petrol,110,1,1,1600,4,1065,0.07290916027298545
7250,65,117609,Petrol,86,0,0,1300,3,1015,0.0616449421387819
6950,68,117000,Diesel,72,0,0,2000,3,1115,0.0594017094017094
8000,64,116000,Petrol,86,0,0,1300,5,1045,0.06896551724137931
9950,58,115715,Petrol,110,0,0,1600,5,1070,0.08598712353627447
9450,60,115191,CNG,110,1,0,1600,4,1079,0.08203765919212438
7950,68,115071,Petrol,110,1,0,1600,3,1055,0.0690877805876372
9450,63,115000,CNG,110,0,0,1600,3,1109,0.08217391304347826
9950,64,114846,Petrol,110,1,0,1600,5,1075,0.0866377583894955
6950,65,114383,Diesel,90,0,0,2000,3,1260,0.060760777388248255
8250,59,113700,Petrol,110,1,0,1600,5,1065,0.07255936675461741
9950,67,113118,Petrol,86,1,0,1300,3,1020,0.08796124401067912
8250,59,112827,Petrol,86,1,0,1300,5,1040,0.07312079555425563
9950,68,112116,Petrol,110,1,0,1600,5,1070,0.08874736879660351
10500,66,112000,Petrol,110,1,0,1600,3,1065,0.09375
7950,62,112000,Diesel,72,0,0,2000,4,1135,0.07098214285714285
9750,65,111769,Petrol,110,0,0,1600,3,1065,0.08723349050273331
9250,61,110853,Petrol,110,1,0,1600,5,1070,0.08344384004041389
9500,68,110287,Petrol,110,1,0,1600,3,1050,0.08613889216317426
9950,62,109547,Petrol,110,0,0,1600,5,1075,0.09082859411941906
7750,63,109230,Petrol,110,0,0,1600,3,1050,0.07095120388171748
9500,68,109150,Petrol,110,0,0,1600,5,1075,0.08703618873110398
9950,67,108793,Petrol,110,1,0,1600,4,1035,0.09145809013447556
9750,64,106784,Petrol,110,0,1,1600,3,1050,0.09130581360503447
9750,58,105942,Petrol,86,0,0,1300,5,1040,0.09203148892790394
5950,59,105000,Petrol,86,1,0,1300,3,1015,0.056666666666666664
8500,62,105000,Petrol,86,0,0,1300,5,1040,0.08095238095238096
8495,68,104299,Petrol,110,1,0,1600,5,1085,0.08144852779029521
9250,67,104000,Petrol,86,0,0,1300,3,1020,0.0889423076923077
6900,68,104000,Petrol,86,1,0,1300,3,1015,0.06634615384615385
8950,58,103458,Petrol,86,1,0,1300,3,1025,0.08650853486438942
9500,63,103400,Petrol,110,1,0,1600,5,1075,0.09187620889748549
9250,63,102807,Petrol,86,0,0,1300,5,1055,0.08997441808437169
9895,68,102494,Petrol,110,0,0,1600,5,1090,0.0965422366187289
9950,57,102300,Diesel,72,1,0,2000,5,1135,0.09726295210166178
7950,61,102106,Petrol,110,0,0,1600,3,1050,0.07786026286408243
8750,68,101889,Petrol,110,1,0,1600,5,1075,0.08587776894463583
8250,57,101791,Diesel,72,0,0,2000,3,1115,0.08104842274857306
8950,63,101469,Petrol,110,1,0,1600,3,1065,0.08820427913944161
8950,68,101001,Petrol,110,0,0,1600,5,1075,0.08861298402986109
8950,61,100748,Petrol,110,0,0,1600,5,1070,0.0888355103823401
8950,65,100550,Petrol,110,1,0,1600,5,1075,0.08901044256588762
9450,67,99781,Petrol,110,1,0,1600,5,1085,0.0947074092262054
8950,59,98658,Petrol,86,1,0,1300,3,1020,0.09071742788217883
9250,65,98500,Petrol,110,1,0,1600,5,1075,0.09390862944162437
8750,64,98291,Petrol,86,0,0,1300,4,1000,0.08902137530394441
9950,61,97648,Petrol,110,1,0,1600,3,1065,0.10189660822546288
9950,61,97425,Petrol,110,1,0,1600,5,1075,0.10212984346933539
9900,65,97173,Petrol,86,0,0,1300,3,1015,0.10188015189404465
8950,66,97046,Petrol,86,1,0,1300,4,1000,0.09222430599921687
8950,67,96000,Petrol,110,1,0,1600,3,1050,0.09322916666666667
12250,60,96000,Diesel,72,0,0,2000,4,1100,0.12760416666666666
9250,67,95750,Petrol,110,1,0,1600,5,1070,0.09660574412532637
10250,61,95147,Petrol,110,1,0,1600,3,1050,0.10772804187205062
8950,68,95000,Petrol,110,0,0,1600,3,1050,0.09421052631578947
7999,65,95000,Petrol,110,1,0,1600,3,1050,0.0842
9900,66,94606,Petrol,110,0,0,1600,3,1065,0.10464452571718495
8250,63,94504,Petrol,86,1,0,1300,4,1000,0.08729789215271311
10500,65,93428,Petrol,110,1,0,1600,5,1075,0.11238600847711606
8450,65,93408,Petrol,86,0,0,1300,3,1015,0.09046334361082563
9900,68,93296,Petrol,110,1,0,1600,5,1090,0.106113874121077
10500,62,93098,Petrol,110,1,0,1600,5,1075,0.11278437775247589
8500,67,92922,Diesel,72,1,0,2000,4,1100,0.09147457006952067
9500,61,92498,Petrol,110,1,0,1600,3,1050,0.10270492334969404
9450,65,92226,Petrol,110,0,0,1600,3,1065,0.10246568212868389
9900,68,91505,Diesel,72,0,0,2000,3,1115,0.10819080924539642
8250,64,91333,Petrol,110,1,0,1600,3,1050,0.09032879682042635
8750,65,91246,Petrol,86,1,0,1300,3,1015,0.0958946145584464
9500,58,91000,Petrol,110,1,0,1600,5,1075,0.1043956043956044
8450,68,90727,Petrol,110,0,0,1600,3,1050,0.09313655251468692
8490,62,90000,Petrol,110,0,0,1600,3,1050,0.09433333333333334
8750,60,89576,Petrol,110,0,0,1600,4,1035,0.09768241493257122
9750,64,89145,Petrol,86,1,0,1300,3,1025,0.1093723708564698
9950,63,89000,Petrol,110,1,0,1600,5,1085,0.11179775280898877
8500,68,88807,Petrol,110,0,0,1600,3,1050,0.09571317576317183
8450,63,88685,Petrol,110,0,0,1600,5,1070,0.09528105091052602
7900,62,88667,Petrol,110,1,0,1600,4,1040,0.08909740940823531
8750,57,88480,Petrol,110,1,0,1600,3,1050,0.09889240506329114
7950,61,88127,Petrol,86,0,0,1300,3,1015,0.09021071862198872
6900,62,88000,Petrol,86,0,0,1300,3,1020,0.07840909090909091
8150,65,87821,Petrol,86,1,0,1300,3,1015,0.09280240489176848
10995,59,87654,Petrol,86,1,1,1300,5,1065,0.12543637483742898
8900,59,86888,Petrol,110,1,0,1600,3,1050,0.10243071540373815
9500,59,86871,Petrol,86,1,0,1300,5,1040,0.1093575531535265
8950,68,86714,Petrol,110,1,0,1600,4,1035,0.10321286066840418
11500,65,85889,Petrol,110,0,0,1600,3,1065,0.133893746579888
10450,62,85000,Petrol,110,1,0,1600,3,1050,0.12294117647058823
10500,60,85000,Petrol,86,1,0,1300,3,1025,0.12352941176470589
9250,68,84976,Petrol,110,1,0,1600,4,1035,0.10885426473357183
10950,65,84558,Petrol,110,1,0,1600,5,1120,0.12949691336124317
10450,62,84549,Petrol,110,0,0,1600,5,1075,0.12359696743899987
9250,68,84482,Petrol,110,1,0,1600,5,1075,0.10949077910087356
8750,62,83908,Petrol,110,1,0,1600,5,1070,0.10428087905801592
8750,67,83560,Petrol,86,0,0,1300,3,1015,0.10471517472474869
9800,68,83000,Petrol,107,1,1,1600,5,1100,0.1180722891566265
8250,64,82723,Petrol,86,0,0,1300,3,1015,0.09973042563736809
10450,62,82421,Petrol,110,1,0,1600,3,1065,0.12678807585445456
9750,58,82254,Petrol,110,0,0,1600,5,1050,0.11853526880151725
8950,61,82115,Petrol,110,1,0,1600,3,1055,0.10899348474700116
7450,65,82000,Petrol,86,1,0,1300,3,1015,0.09085365853658536
8450,68,81965,Petrol,86,1,0,1300,5,1035,0.10309278350515463
8250,66,81250,Petrol,110,0,0,1600,3,1050,0.10153846153846154
10950,65,81192,Petrol,110,1,0,1600,3,1065,0.13486550399054095
8950,61,81170,Petrol,110,1,0,1600,4,1040,0.11026241222126401
8750,66,81083,Petrol,86,0,0,1300,3,1015,0.10791411269933278
10450,61,80714,Petrol,110,1,0,1600,5,1075,0.12946948484773396
10950,57,80470,Petrol,110,0,0,1600,5,1085,0.13607555610786629
8450,65,80439,Petrol,110,1,0,1600,4,1035,0.10504854610325837
9950,59,80430,Petrol,110,1,0,1600,3,1065,0.123710058435907
9950,68,80426,Petrol,110,1,0,1600,3,1055,0.12371621117549052
8750,62,80265,Petrol,86,0,0,1300,3,1015,0.10901389148445774
9950,65,80153,Petrol,110,0,0,1600,5,1070,0.12413758686512046
9500,68,80121,Petrol,110,0,0,1600,5,1070,0.1185706618739157
8250,65,80086,Petrol,110,1,0,1600,4,1035,0.10301425967085383
10950,62,80000,Petrol,110,0,0,1600,5,1075,0.136875
7950,60,80000,Petrol,86,0,0,1300,5,1015,0.099375
8250,65,80000,Petrol,86,1,0,1300,2,1015,0.103125
9895,67,79858,Petrol,110,1,0,1600,4,1040,0.1239074356983646
9130,67,79762,Petrol,86,1,0,1300,3,1015,0.11446553496652541
10950,59,79660,Petrol,86,0,1,1300,5,1065,0.13745920160682903
10500,60,79150,Petrol,110,1,0,1600,5,1075,0.1326595072646873
8900,61,79000,Petrol,110,1,0,1600,3,1050,0.11265822784810127
9500,57,78955,Petrol,86,1,0,1300,5,1045,0.12032170223545058
10950,59,78750,Diesel,90,1,0,1975,5,1155,0.13904761904761906
7950,68,78521,Petrol,86,0,0,1300,3,1015,0.10124680021904968
7950,64,78356,Petrol,86,1,0,1300,3,1015,0.10146000306294349
7950,65,78076,Petrol,86,1,0,1300,3,1015,0.1018238639274553
9500,61,78063,Petrol,107,1,1,1600,5,1100,0.1216965784046219
10950,67,77821,Petrol,110,1,0,1600,5,1075,0.14070752110612816
9750,68,77695,Petrol,110,1,0,1600,4,1035,0.1254907008172984
9750,65,77500,Petrol,110,1,0,1600,3,1050,0.12580645161290321
9450,63,77457,Petrol,110,1,0,1600,3,1055,0.12200317595569155
8950,68,77029,Petrol,86,1,0,1300,3,1015,0.11619000636124058
8950,68,77008,Petrol,86,1,0,1300,3,1015,0.11622169125285685
8900,66,76791,Petrol,110,1,0,1600,5,1070,0.11589899858056282
9950,61,76700,Petrol,86,1,0,1300,5,1035,0.12972620599739243
8750,67,76569,Petrol,86,1,0,1300,3,1020,0.11427601248547062
8950,59,76162,Petrol,110,1,0,1600,5,1075,0.11751267036054726
8990,65,76155,Petrol,110,1,0,1600,4,1035,0.11804871643358938
8950,61,75609,Petrol,86,1,0,1300,3,1015,0.11837215146345012
8950,62,75569,Diesel,72,1,0,2000,3,1120,0.11843480792388414
9950,67,75429,Petrol,110,1,0,1600,3,1065,0.13191212928714421
9900,68,75000,Petrol,110,1,0,1600,5,1075,0.132
8950,65,75000,Petrol,86,0,0,1300,3,1015,0.11933333333333333
8950,62,75000,Petrol,110,1,0,1600,5,1070,0.11933333333333333
9500,66,74963,Petrol,107,0,1,1600,3,1085,0.12672918639862332
7950,68,74889,Petrol,86,1,0,1300,3,1015,0.10615711252653928
7750,68,74875,Petrol,110,0,0,1600,5,1070,0.10350584307178631
8950,63,74747,Petrol,110,1,0,1600,5,1075,0.1197372469798119
11950,60,74720,Petrol,110,1,0,1600,5,1085,0.15993040685224838
8950,62,74457,Petrol,110,0,0,1600,5,1075,0.1202036074512806
11950,60,74337,Petrol,86,0,0,1300,5,1035,0.16075440224921642
8950,68,74308,Petrol,110,0,0,1600,3,1050,0.12044463584001723
9950,64,74193,Petrol,110,0,0,1600,3,1050,0.13410968689768576
8250,65,74179,Petrol,110,1,0,1600,3,1050,0.11121746046724815
8995,67,73936,Petrol,86,1,0,1300,5,1050,0.121659272884657
9995,61,73894,Petrol,110,1,0,1600,3,1065,0.13526132026957532
9250,64,73500,Petrol,110,1,0,1600,3,1050,0.12585034013605442
10950,64,73376,Petrol,110,0,0,1600,5,1070,0.14923135630178805
8900,64,73300,Petrol,86,1,0,1300,3,1015,0.12141882673942701
9500,58,73172,Petrol,110,1,0,1600,5,1075,0.1298310829278959
9950,58,72928,Petrol,110,1,0,1600,5,1075,0.13643593681439228
7950,67,72880,Petrol,86,1,0,1332,3,1015,0.10908342480790341
8250,63,72522,Petrol,110,1,0,1600,3,1050,0.11375858360221726
9450,64,72000,Petrol,86,1,0,1300,3,1015,0.13125
7950,57,72000,Petrol,86,0,0,1300,3,1015,0.11041666666666666
9500,59,71366,Petrol,110,0,0,1600,3,1065,0.13311661015049184
8950,65,71317,Petrol,110,0,0,1600,3,1050,0.1254960247907231
10950,62,71000,Petrol,110,0,0,1600,5,1070,0.15422535211267605
8950,60,70954,Petrol,110,0,0,1600,3,1050,0.1261380612791386
9450,63,70908,Petrol,86,0,0,1300,5,1035,0.13327128109663225
8000,58,70560,Petrol,110,1,0,1600,3,1050,0.11337868480725624
9900,67,70552,Petrol,110,0,0,1600,5,1075,0.14032203197641455
8950,62,70500,Petrol,110,1,0,1600,5,1035,0.12695035460992907
10900,60,70453,Diesel,72,0,0,2000,5,1135,0.15471307112543115
9450,59,70218,Petrol,110,1,0,1600,3,1050,0.1345808766982825
8450,64,70116,Petrol,110,1,0,1600,4,1035,0.12051457584574134
9500,65,70068,Petrol,110,1,0,1600,5,1075,0.1355825769252726
10500,67,70000,Petrol,107,1,1,1587,3,1065,0.15
6950,68,70000,Petrol,86,1,0,1300,3,1015,0.09928571428571428
9750,68,69103,Petrol,110,0,0,1600,4,1035,0.14109372964994285
6950,58,69022,Petrol,86,1,0,1300,5,1035,0.100692532815624
9650,67,69000,Petrol,110,1,0,1600,3,1065,0.1398550724637681
9950,68,68865,Petrol,110,1,0,1600,3,1065,0.14448558774413708
9250,58,68723,Petrol,86,0,0,1300,3,1025,0.1345983149746082
8950,63,68453,Petrol,110,1,0,1600,5,1070,0.1307466436825267
9900,63,68238,Petrol,86,0,0,1300,5,1050,0.14508045370614614
10995,63,68153,Petrol,110,1,0,1600,5,1085,0.1613281880474814
10500,65,68000,Petrol,110,0,0,1600,5,1075,0.15441176470588236
8950,65,68000,Petrol,86,1,0,1300,3,1015,0.13161764705882353
9750,67,67762,Petrol,110,1,0,1600,3,1065,0.14388595377940439
10950,68,67146,Petrol,110,1,0,1600,5,1075,0.16307747296935038
9750,67,67110,Petrol,86,1,0,1300,5,1035,0.14528386231560125
9950,59,67010,Petrol,110,1,0,1600,3,1065,0.14848530070138785
10500,65,67003,Petrol,110,1,0,1600,4,1035,0.1567094010715938
10400,68,66785,Petrol,86,0,1,1300,3,1045,0.1557235906266377
8800,68,66550,Petrol,86,0,0,1332,3,1010,0.1322314049586777
10500,61,66259,Petrol,110,1,0,1600,3,1065,0.15846903816839977
9250,62,66082,Petrol,110,0,0,1600,5,1070,0.13997760358342665
7800,65,66000,Petrol,86,1,0,1300,3,1015,0.11818181818181818
9950,61,66000,Petrol,110,0,0,1600,3,1050,0.15075757575757576
10750,63,65896,Petrol,110,1,0,1600,3,1065,0.16313585043098217
10950,67,65785,Petrol,110,1,0,1600,5,1075,0.1664513186896709
9950,65,65513,Petrol,110,1,1,1600,4,1070,0.15187825317112635
9950,59,65463,Petrol,110,1,0,1600,5,1070,0.15199425629745048
8100,68,65400,Petrol,86,1,0,1300,4,1000,0.12385321100917432
9250,60,65259,Petrol,110,1,0,1600,3,1050,0.1417429013622642
7800,64,65000,Petrol,110,1,0,1600,3,1050,0.12
9000,68,65000,Petrol,110,0,0,1600,5,1070,0.13846153846153847
8950,57,65000,Petrol,110,0,0,1600,4,1035,0.1376923076923077
8950,62,64966,Petrol,86,0,0,1300,3,1020,0.1377643690545824
9950,68,64950,Petrol,110,1,0,1600,5,1075,0.15319476520400307
8500,60,64914,Petrol,110,1,0,1600,5,1070,0.1309424777397788
7995,62,64797,Petrol,110,1,0,1600,5,1075,0.1233853419139775
8750,65,64772,Petrol,110,1,0,1600,3,1050,0.13508923608966839
9750,63,64690,Petrol,86,0,0,1300,3,1020,0.15071881279950533
10950,65,64630,Petrol,110,0,0,1600,5,1070,0.16942596317499614
9750,67,64613,Petrol,110,1,0,1600,5,1085,0.15089842601334097
8200,60,64383,Petrol,86,0,0,1300,3,1015,0.1273628131649659
8950,68,64000,Petrol,110,0,0,1600,5,1075,0.13984375
9500,66,63881,Petrol,86,0,0,1300,3,1015,0.14871401512186722
10950,58,63870,Diesel,72,0,0,2000,5,1135,0.17144199154532644
9750,66,63328,Petrol,86,0,1,1300,5,1065,0.15396033350176858
9950,65,63000,Petrol,86,1,1,1300,5,1065,0.15793650793650793
10450,61,63000,Petrol,86,0,1,1300,3,1050,0.16587301587301587
9850,65,62396,Petrol,110,0,0,1600,3,1050,0.1578626835053529
9450,62,62377,Petrol,110,1,0,1600,5,1075,0.15149814835596453
10295,67,62316,Petrol,110,1,0,1600,3,1050,0.16520636754605558
9750,68,62292,Petrol,110,1,0,1600,3,1065,0.156520901560393
8950,65,62225,Petrol,110,1,0,1600,3,1050,0.14383286460425873
9900,68,62222,Petrol,110,0,0,1600,5,1075,0.1591077110989682
8750,66,62135,Petrol,86,1,0,1300,5,1035,0.14082240283254205
9950,58,62024,Petrol,110,1,0,1600,5,1075,0.16042177221720624
8500,60,61977,Petrol,86,1,0,1300,3,1015,0.13714765154815495
9950,62,61930,Petrol,110,1,0,1600,4,1035,0.16066526723720329
10950,57,61682,Petrol,110,0,0,1600,3,1050,0.17752342660743814
9795,68,61568,Petrol,110,1,0,1600,4,1035,0.15909238565488565
8750,68,61504,Petrol,110,1,0,1600,4,1035,0.1422671696149844
8250,65,61384,Petrol,110,1,0,1600,3,1050,0.13439984360745472
9950,58,61343,Petrol,110,1,0,1600,5,1075,0.16220269631416787
9950,62,61254,Petrol,110,0,0,1600,5,1075,0.16243837137166553
10500,59,61166,Petrol,110,1,0,1600,3,1050,0.17166399633783475
9750,62,61149,Petrol,86,1,0,1300,5,1040,0.1594465976549085
11250,61,61144,Petrol,110,1,0,1600,5,1090,0.18399188800209343
8900,59,61127,Petrol,110,1,0,1600,3,1050,0.14559850802427732
7950,60,61100,Petrol,86,1,0,1300,3,1015,0.13011456628477905
11500,68,61100,Petrol,110,1,0,1600,5,1075,0.18821603927986907
9450,57,61000,Petrol,110,1,0,1600,3,1050,0.15491803278688523
7995,65,60724,Petrol,86,1,0,1300,3,1015,0.13166128713523484
10995,59,60708,Petrol,86,1,0,1300,5,1045,0.181112868155762
8950,61,60532,Petrol,110,1,0,1600,3,1050,0.1478556796405207
8250,67,60000,Petrol,86,0,1,1300,4,1030,0.1375
8950,66,60000,Petrol,86,1,0,1300,3,1015,0.14916666666666667
8950,65,60000,Petrol,86,1,0,1300,3,1015,0.14916666666666667
9500,62,59295,Petrol,86,0,0,1300,5,1035,0.16021586980352476
7500,65,59264,Petrol,86,0,0,1300,3,1015,0.1265523758099352
8950,63,59000,Petrol,110,0,0,1600,3,1050,0.15169491525423728
9950,63,59000,Petrol,86,1,0,1300,5,1035,0.16864406779661018
9750,65,59000,Petrol,110,0,0,1600,5,1075,0.1652542372881356
9450,61,59000,Petrol,110,1,0,1600,5,1070,0.16016949152542373
9950,65,59000,Petrol,110,0,0,1600,3,1050,0.16864406779661018
9750,68,58860,Petrol,110,1,0,1600,3,1055,0.1656472986748216
8950,65,58829,Petrol,110,0,0,1600,3,1050,0.15213585136582297
8250,66,58654,Petrol,110,1,0,1600,5,1070,0.1406553687728032
7750,65,58300,Petrol,86,1,0,1300,3,1015,0.13293310463121785
8950,60,58269,Petrol,110,1,0,1600,3,1050,0.15359796804475792
9950,64,58136,Petrol,110,1,0,1600,5,1075,0.17115040594468145
9450,66,58113,Petrol,107,1,1,1600,3,1085,0.16261421712869753
12950,67,58058,Petrol,110,1,0,1600,3,1065,0.2230528092597058
9950,58,58000,Petrol,110,1,0,1600,3,1050,0.17155172413793104
10495,62,58000,Petrol,110,1,0,1600,3,1065,0.18094827586206896
7950,68,57565,Petrol,86,1,0,1300,5,1035,0.13810475115087292
10500,63,57413,Petrol,107,0,1,1600,5,1115,0.18288540922787522
8950,65,57374,Petrol,110,1,0,1600,5,1075,0.15599400425279744
9900,62,57179,Petrol,110,1,0,1600,5,1075,0.17314048864093462
9995,61,57169,Petrol,110,1,0,1600,3,1065,0.1748325141247879
9950,63,57124,Petrol,110,1,0,1600,3,1065,0.1741824802184721
9950,63,57000,Petrol,110,1,0,1600,3,1050,0.17456140350877192
8250,67,57000,Petrol,110,0,0,1600,3,1050,0.14473684210526316
9950,63,57000,Petrol,86,1,0,1300,5,1035,0.17456140350877192
8950,59,56259,Petrol,86,0,0,1300,3,1015,0.15908565740592617
10950,62,56209,Petrol,107,1,1,1600,3,1080,0.1948086605347898
9250,67,56074,Petrol,86,0,0,1300,4,1000,0.16496058779469985
9950,63,55942,Petrol,110,1,0,1600,5,1070,0.1778627864574023
9995,57,55844,Petrol,86,1,0,1300,5,1045,0.17898073203925222
8750,61,55747,Petrol,86,0,0,1300,3,1020,0.15695911887635208
10950,58,55478,Petrol,86,0,0,1300,5,1045,0.19737553624860305
10350,60,55085,Petrol,107,0,1,1600,5,1105,0.18789144050104384
9950,65,55061,Petrol,110,1,0,1600,5,1070,0.1807086685675887
8950,65,55000,Petrol,86,1,0,1300,3,1015,0.16272727272727272
10950,57,55000,Petrol,110,0,0,1600,5,1075,0.1990909090909091
10950,63,54936,Petrol,110,1,0,1600,5,1075,0.19932284840541722
8950,68,54875,Petrol,110,1,0,1600,5,1070,0.1630979498861048
8900,67,54847,Petrol,110,0,0,1600,3,1050,0.16226958630371763
10250,60,54554,Petrol,110,1,0,1600,3,1065,0.18788723100047658
9450,61,54125,Petrol,110,1,0,1600,5,1035,0.1745958429561201
9250,61,54000,Petrol,110,1,0,1600,3,1055,0.1712962962962963
10500,57,54000,Petrol,110,1,0,1600,5,1075,0.19444444444444445
7350,58,54000,Petrol,86,0,0,1300,5,1035,0.1361111111111111
10250,57,54000,Petrol,110,1,0,1600,3,1135,0.18981481481481483
10250,62,53285,Petrol,110,1,0,1600,5,1075,0.1923618279065403
11500,65,53053,Petrol,110,1,0,1600,5,1075,0.21676436770776394
8950,68,53000,Petrol,110,1,1,1587,3,1075,0.16886792452830188
7750,68,53000,Petrol,86,0,0,1300,3,1015,0.14622641509433962
9500,64,52968,Petrol,110,1,0,1600,3,1050,0.17935357196798066
8450,67,52800,Petrol,86,1,0,1300,3,1015,0.16003787878787878
8950,57,52548,Petrol,110,0,0,1600,3,1050,0.17032046890462055
8400,60,52487,Petrol,110,1,0,1600,4,1035,0.16003962886047973
9250,66,52383,Petrol,86,0,0,1300,3,1015,0.17658400626157342
8900,61,52112,Petrol,110,1,0,1600,4,1035,0.17078599938593797
8750,58,51712,Petrol,110,0,0,1600,3,1050,0.16920637376237624
10950,58,51421,Petrol,110,0,1,1600,5,1105,0.2129480173469983
8950,61,51235,Petrol,86,1,0,1300,4,1000,0.17468527373865522
8950,65,51000,Petrol,86,1,0,1300,3,1015,0.17549019607843136
8895,61,50925,Petrol,110,1,0,1600,5,1070,0.17466863033873342
9390,66,50806,Petrol,86,0,0,1300,3,1480,0.18482069046962957
8750,59,50469,Petrol,110,1,0,1600,5,1070,0.17337375418573778
9750,61,50173,Petrol,110,1,0,1600,5,1075,0.19432762641261236
9950,62,50000,Petrol,110,1,0,1600,5,1075,0.199
10950,65,49942,Petrol,110,0,0,1600,3,1065,0.2192543350286332
9900,67,49585,Petrol,110,0,0,1600,5,1085,0.19965715438136533
9500,62,49258,Petrol,110,1,0,1600,4,1035,0.1928620731657802
9950,61,49000,Petrol,110,0,0,1600,3,1050,0.2030612244897959
9950,63,48738,Petrol,110,0,0,1600,5,1055,0.20415281710369731
10500,62,47750,Petrol,86,1,0,1300,5,1040,0.2198952879581152
9950,63,47612,Petrol,86,0,0,1300,3,1015,0.20898092917751826
10495,68,47500,Petrol,86,1,0,1300,5,1035,0.22094736842105264
9500,66,47237,Petrol,110,0,0,1600,3,1050,0.201113533882338
8500,58,47171,Petrol,86,1,0,1300,3,1015,0.18019545907443132
10450,60,47060,Petrol,110,0,0,1600,4,1035,0.2220569485762856
8950,65,47014,Petrol,86,1,0,1300,3,1015,0.19036882630705748
9900,59,46929,Petrol,86,1,0,1300,3,1025,0.21095697756184875
8900,63,46000,Petrol,86,0,0,1300,5,1035,0.1934782608695652
8745,65,45681,Petrol,110,0,0,1600,3,1050,0.19143626453011098
8750,65,45549,Petrol,86,1,0,1300,3,1015,0.1921008145074535
10750,57,45000,Petrol,110,1,0,1600,5,1050,0.2388888888888889
9750,57,45000,Petrol,110,1,0,1600,3,1050,0.21666666666666667
8850,65,45000,Petrol,110,0,0,1600,5,1075,0.19666666666666666
7950,66,45000,Petrol,86,1,0,1300,5,1035,0.17666666666666667
9450,63,45000,Petrol,110,1,0,1600,4,1035,0.21
9950,61,45000,Petrol,107,0,1,1600,3,1085,0.22111111111111112
8250,63,44944,Petrol,110,1,0,1600,4,1035,0.18356176575293698
9950,61,44597,Petrol,86,0,0,1300,3,1015,0.22310917774738212
9995,68,44458,Petrol,86,0,0,1300,3,1015,0.224818930226281
9950,59,43818,Petrol,110,0,0,1600,5,1070,0.22707563101921585
10495,60,43426,Petrol,110,1,0,1600,5,1070,0.24167549394372034
7950,58,43000,CNG,110,1,1,1600,4,1114,0.18488372093023256
8950,68,43000,Petrol,110,1,0,1600,5,1035,0.20813953488372092
9695,57,43000,Petrol,110,0,0,1600,5,1075,0.22546511627906976
7750,64,43000,Petrol,86,0,0,1300,3,1015,0.18023255813953487
9950,68,42750,Petrol,110,1,0,1600,3,1050,0.2327485380116959
9950,67,42102,Petrol,110,1,0,1600,5,1075,0.23633081563821196
9950,63,41586,Petrol,110,1,0,1600,5,1114,0.23926321358149377
9900,64,41200,Petrol,110,0,0,1600,5,1070,0.24029126213592233
10950,57,40214,Petrol,86,0,0,1300,3,1025,0.2722932312130104
